Gl,Gb
144.931641,-27.333984